{"intercept": 0.011129515888021344, "coef": {"d_AdjEM": 0.13618650971582522}}