{
  "intercept": 0.0025222767156310093,
  "coef": {
    "d_AvgDiff": 0.043102091435903205,
    "d_WinPct": 4.450739580529236
  }
}